"Min.","1st Qu.","Median","Mean","3rd Qu.","Max.","NA's","Model"
0.836834733893558,0.861737400530504,0.89988362719093,0.894928866772173,0.924204778065072,0.953008789722786,0,"MARS"
0.827731092436975,0.866753133614188,0.900036407135799,0.895348291836629,0.927914915966387,0.958755916159568,0,"GLMN"
0.832633053221289,0.863967337598169,0.906024080719821,0.896760972293427,0.935924369747899,0.943204868154159,0,"SVM"
0.843501326259947,0.862914131169709,0.902493888802206,0.894485061929281,0.922147705235941,0.938375350140056,0,"RF"
0.820728291316527,0.856945961408436,0.897312373225152,0.892433724152791,0.928066418875243,0.953346855983773,0,"LDA"
0.838859416445623,0.875565610859728,0.911022167487685,0.90073547986834,0.918489809716991,0.954699121027722,0,"Boosting"
